,Recency,Frequency,Monetary
0,0.62643725,-0.7716822,-0.69934595
1,-0.67838144,0.83567077,0.7573358
