,Recency,Frequency,Monetary
0,-0.9660233,1.190121,1.10117
1,1.0283006,-1.0848932,-1.0310698
2,0.60909724,0.26076064,0.24631132
3,-0.75092703,-0.43853897,-0.37525156
